{
  "Logout Request" : {
    "transaction" : "Logout Request",
    "sampleCount" : 300,
    "errorCount" : 0,
    "errorPct" : 0.0,
    "meanResTime" : 1229.5400000000006,
    "medianResTime" : 1081.0,
    "minResTime" : 254.0,
    "maxResTime" : 3351.0,
    "pct1ResTime" : 2331.2000000000003,
    "pct2ResTime" : 2711.7499999999995,
    "pct3ResTime" : 3208.98,
    "throughput" : 43.35260115606936,
    "receivedKBytesPerSec" : 46.61251354768786,
    "sentKBytesPerSec" : 16.045542810693643
  },
  "Logout Request-1" : {
    "transaction" : "Logout Request-1",
    "sampleCount" : 300,
    "errorCount" : 0,
    "errorPct" : 0.0,
    "meanResTime" : 573.2833333333333,
    "medianResTime" : 384.5,
    "minResTime" : 82.0,
    "maxResTime" : 2379.0,
    "pct1ResTime" : 1231.7,
    "pct2ResTime" : 1625.6999999999998,
    "pct3ResTime" : 2301.8100000000004,
    "throughput" : 45.06534474988734,
    "receivedKBytesPerSec" : 34.45914544840018,
    "sentKBytesPerSec" : 8.31772476340694
  },
  "Total" : {
    "transaction" : "Total",
    "sampleCount" : 2679,
    "errorCount" : 201,
    "errorPct" : 7.5027995,
    "meanResTime" : 1035.8480776409097,
    "medianResTime" : 735.0,
    "minResTime" : 43.0,
    "maxResTime" : 4563.0,
    "pct1ResTime" : 2296.0,
    "pct2ResTime" : 2834.0,
    "pct3ResTime" : 4132.0,
    "throughput" : 230.570617092693,
    "receivedKBytesPerSec" : 159.5985024528789,
    "sentKBytesPerSec" : 62.02394784404854
  },
  "Logout Request-0" : {
    "transaction" : "Logout Request-0",
    "sampleCount" : 300,
    "errorCount" : 0,
    "errorPct" : 0.0,
    "meanResTime" : 650.8300000000002,
    "medianResTime" : 535.0,
    "minResTime" : 59.0,
    "maxResTime" : 2459.0,
    "pct1ResTime" : 1460.0000000000061,
    "pct2ResTime" : 1876.3499999999995,
    "pct3ResTime" : 2315.71,
    "throughput" : 43.994720633523976,
    "receivedKBytesPerSec" : 13.662423009238891,
    "sentKBytesPerSec" : 8.163082930048395
  },
  "Login Request-1" : {
    "transaction" : "Login Request-1",
    "sampleCount" : 300,
    "errorCount" : 0,
    "errorPct" : 0.0,
    "meanResTime" : 743.7066666666668,
    "medianResTime" : 711.0,
    "minResTime" : 74.0,
    "maxResTime" : 2473.0,
    "pct1ResTime" : 1181.9000000000003,
    "pct2ResTime" : 1447.9999999999998,
    "pct3ResTime" : 2205.900000000001,
    "throughput" : 37.147102526002975,
    "receivedKBytesPerSec" : 13.714681231426448,
    "sentKBytesPerSec" : 6.819975854383357
  },
  "Login Request-2" : {
    "transaction" : "Login Request-2",
    "sampleCount" : 201,
    "errorCount" : 0,
    "errorPct" : 0.0,
    "meanResTime" : 733.258706467661,
    "medianResTime" : 558.0,
    "minResTime" : 60.0,
    "maxResTime" : 2465.0,
    "pct1ResTime" : 1332.8,
    "pct2ResTime" : 1388.9,
    "pct3ResTime" : 1878.239999999998,
    "throughput" : 26.22993605637479,
    "receivedKBytesPerSec" : 20.056679621231893,
    "sentKBytesPerSec" : 4.841267494780112
  },
  "Home Request-1" : {
    "transaction" : "Home Request-1",
    "sampleCount" : 189,
    "errorCount" : 0,
    "errorPct" : 0.0,
    "meanResTime" : 598.0476190476195,
    "medianResTime" : 505.0,
    "minResTime" : 113.0,
    "maxResTime" : 2413.0,
    "pct1ResTime" : 1146.0,
    "pct2ResTime" : 1269.5,
    "pct3ResTime" : 2411.2,
    "throughput" : 24.472355302343647,
    "receivedKBytesPerSec" : 18.71274824388191,
    "sentKBytesPerSec" : 4.5168702657646
  },
  "Home Request-0" : {
    "transaction" : "Home Request-0",
    "sampleCount" : 189,
    "errorCount" : 0,
    "errorPct" : 0.0,
    "meanResTime" : 542.6190476190476,
    "medianResTime" : 458.0,
    "minResTime" : 88.0,
    "maxResTime" : 2662.0,
    "pct1ResTime" : 939.0,
    "pct2ResTime" : 1524.0,
    "pct3ResTime" : 2622.3999999999996,
    "throughput" : 23.393984404010396,
    "receivedKBytesPerSec" : 7.264928750464166,
    "sentKBytesPerSec" : 4.294989324173784
  },
  "Login Request" : {
    "transaction" : "Login Request",
    "sampleCount" : 300,
    "errorCount" : 201,
    "errorPct" : 67.0,
    "meanResTime" : 2590.9333333333343,
    "medianResTime" : 2614.5,
    "minResTime" : 326.0,
    "maxResTime" : 4563.0,
    "pct1ResTime" : 4107.700000000001,
    "pct2ResTime" : 4228.6,
    "pct3ResTime" : 4513.98,
    "throughput" : 28.71912693854107,
    "receivedKBytesPerSec" : 35.833561440982194,
    "sentKBytesPerSec" : 16.22826994184377
  },
  "Home Request" : {
    "transaction" : "Home Request",
    "sampleCount" : 300,
    "errorCount" : 0,
    "errorPct" : 0.0,
    "meanResTime" : 911.4,
    "medianResTime" : 750.0,
    "minResTime" : 43.0,
    "maxResTime" : 3350.0,
    "pct1ResTime" : 1749.6000000000008,
    "pct2ResTime" : 2194.8999999999996,
    "pct3ResTime" : 3016.9900000000016,
    "throughput" : 35.94536304816678,
    "receivedKBytesPerSec" : 30.842455405283967,
    "sentKBytesPerSec" : 10.779045538281812
  },
  "Login Request-0" : {
    "transaction" : "Login Request-0",
    "sampleCount" : 300,
    "errorCount" : 0,
    "errorPct" : 0.0,
    "meanResTime" : 1340.5266666666662,
    "medianResTime" : 1374.5,
    "minResTime" : 139.0,
    "maxResTime" : 2992.0,
    "pct1ResTime" : 2187.9000000000005,
    "pct2ResTime" : 2462.9499999999994,
    "pct3ResTime" : 2758.3500000000004,
    "throughput" : 30.1901982489685,
    "receivedKBytesPerSec" : 11.055980804065614,
    "sentKBytesPerSec" : 7.783410486062192
  }
}