{
  "Logout Request" : {
    "transaction" : "Logout Request",
    "sampleCount" : 300,
    "errorCount" : 0,
    "errorPct" : 0.0,
    "meanResTime" : 445.8966666666667,
    "medianResTime" : 330.5,
    "minResTime" : 34.0,
    "maxResTime" : 1351.0,
    "pct1ResTime" : 1007.3000000000002,
    "pct2ResTime" : 1270.949999999998,
    "pct3ResTime" : 1339.8400000000001,
    "throughput" : 71.37758743754462,
    "receivedKBytesPerSec" : 43.35700504104211,
    "sentKBytesPerSec" : 9.758654532476802
  },
  "Total" : {
    "transaction" : "Total",
    "sampleCount" : 900,
    "errorCount" : 0,
    "errorPct" : 0.0,
    "meanResTime" : 637.7855555555568,
    "medianResTime" : 446.5,
    "minResTime" : 33.0,
    "maxResTime" : 2040.0,
    "pct1ResTime" : 1674.8,
    "pct2ResTime" : 1822.0,
    "pct3ResTime" : 1983.7300000000002,
    "throughput" : 151.56618390030314,
    "receivedKBytesPerSec" : 92.06461561131695,
    "sentKBytesPerSec" : 26.49447941226002
  },
  "Login Request" : {
    "transaction" : "Login Request",
    "sampleCount" : 300,
    "errorCount" : 0,
    "errorPct" : 0.0,
    "meanResTime" : 1081.3266666666668,
    "medianResTime" : 1246.0,
    "minResTime" : 90.0,
    "maxResTime" : 2040.0,
    "pct1ResTime" : 1855.0,
    "pct2ResTime" : 1926.85,
    "pct3ResTime" : 2009.94,
    "throughput" : 51.688490696071675,
    "receivedKBytesPerSec" : 31.392177000775327,
    "sentKBytesPerSec" : 13.073553799104065
  },
  "Home Request" : {
    "transaction" : "Home Request",
    "sampleCount" : 300,
    "errorCount" : 0,
    "errorPct" : 0.0,
    "meanResTime" : 386.1333333333332,
    "medianResTime" : 363.0,
    "minResTime" : 33.0,
    "maxResTime" : 1340.0,
    "pct1ResTime" : 733.7,
    "pct2ResTime" : 797.9,
    "pct3ResTime" : 1078.2400000000007,
    "throughput" : 70.88846880907371,
    "receivedKBytesPerSec" : 43.06474480151228,
    "sentKBytesPerSec" : 9.553328804347826
  }
}