{
  "Logout Request" : {
    "transaction" : "Logout Request",
    "sampleCount" : 300,
    "errorCount" : 0,
    "errorPct" : 0.0,
    "meanResTime" : 371.29,
    "medianResTime" : 318.0,
    "minResTime" : 14.0,
    "maxResTime" : 2313.0,
    "pct1ResTime" : 633.5000000000002,
    "pct2ResTime" : 1198.6499999999955,
    "pct3ResTime" : 2188.96,
    "throughput" : 88.67868755542419,
    "receivedKBytesPerSec" : 53.86162198861957,
    "sentKBytesPerSec" : 12.12403931421815
  },
  "Total" : {
    "transaction" : "Total",
    "sampleCount" : 900,
    "errorCount" : 300,
    "errorPct" : 33.333332,
    "meanResTime" : 356.58777777777794,
    "medianResTime" : 294.5,
    "minResTime" : 14.0,
    "maxResTime" : 2348.0,
    "pct1ResTime" : 657.9,
    "pct2ResTime" : 755.8499999999998,
    "pct3ResTime" : 1354.94,
    "throughput" : 211.864406779661,
    "receivedKBytesPerSec" : 128.6910752118644,
    "sentKBytesPerSec" : 37.03489141949152
  },
  "Login Request" : {
    "transaction" : "Login Request",
    "sampleCount" : 300,
    "errorCount" : 0,
    "errorPct" : 0.0,
    "meanResTime" : 398.2600000000001,
    "medianResTime" : 330.5,
    "minResTime" : 69.0,
    "maxResTime" : 1497.0,
    "pct1ResTime" : 722.9000000000001,
    "pct2ResTime" : 786.55,
    "pct3ResTime" : 1360.94,
    "throughput" : 74.92507492507492,
    "receivedKBytesPerSec" : 45.51381235951549,
    "sentKBytesPerSec" : 18.95077578671329
  },
  "Home Request" : {
    "transaction" : "Home Request",
    "sampleCount" : 300,
    "errorCount" : 300,
    "errorPct" : 100.0,
    "meanResTime" : 300.2133333333334,
    "medianResTime" : 247.5,
    "minResTime" : 77.0,
    "maxResTime" : 2348.0,
    "pct1ResTime" : 472.0,
    "pct2ResTime" : 658.95,
    "pct3ResTime" : 806.6100000000004,
    "throughput" : 84.96176720475786,
    "receivedKBytesPerSec" : 51.60818907533277,
    "sentKBytesPerSec" : 11.449925658453695
  }
}