{
  "Logout Request" : {
    "transaction" : "Logout Request",
    "sampleCount" : 300,
    "errorCount" : 0,
    "errorPct" : 0.0,
    "meanResTime" : 450.18333333333345,
    "medianResTime" : 252.0,
    "minResTime" : 32.0,
    "maxResTime" : 1461.0,
    "pct1ResTime" : 1228.8000000000002,
    "pct2ResTime" : 1257.0,
    "pct3ResTime" : 1415.2600000000007,
    "throughput" : 83.42602892102336,
    "receivedKBytesPerSec" : 50.661759593993324,
    "sentKBytesPerSec" : 11.405902391546162
  },
  "Total" : {
    "transaction" : "Total",
    "sampleCount" : 900,
    "errorCount" : 0,
    "errorPct" : 0.0,
    "meanResTime" : 663.724444444445,
    "medianResTime" : 370.5,
    "minResTime" : 32.0,
    "maxResTime" : 2254.0,
    "pct1ResTime" : 1586.0,
    "pct2ResTime" : 1778.85,
    "pct3ResTime" : 2105.99,
    "throughput" : 164.05395552314982,
    "receivedKBytesPerSec" : 99.64996126503829,
    "sentKBytesPerSec" : 28.677400428363107
  },
  "Login Request" : {
    "transaction" : "Login Request",
    "sampleCount" : 300,
    "errorCount" : 0,
    "errorPct" : 0.0,
    "meanResTime" : 1034.8133333333335,
    "medianResTime" : 1209.5,
    "minResTime" : 60.0,
    "maxResTime" : 2254.0,
    "pct1ResTime" : 1877.4000000000005,
    "pct2ResTime" : 2017.85,
    "pct3ResTime" : 2187.8900000000003,
    "throughput" : 55.793193230425885,
    "receivedKBytesPerSec" : 33.89109575506788,
    "sentKBytesPerSec" : 14.111754928398735
  },
  "Home Request" : {
    "transaction" : "Home Request",
    "sampleCount" : 300,
    "errorCount" : 0,
    "errorPct" : 0.0,
    "meanResTime" : 506.1766666666667,
    "medianResTime" : 335.0,
    "minResTime" : 32.0,
    "maxResTime" : 1628.0,
    "pct1ResTime" : 1275.5000000000002,
    "pct2ResTime" : 1332.8,
    "pct3ResTime" : 1591.97,
    "throughput" : 82.50825082508251,
    "receivedKBytesPerSec" : 50.1285968440594,
    "sentKBytesPerSec" : 11.119275990099009
  }
}