{
  "Logout Request" : {
    "transaction" : "Logout Request",
    "sampleCount" : 300,
    "errorCount" : 0,
    "errorPct" : 0.0,
    "meanResTime" : 1178.7433333333336,
    "medianResTime" : 1024.5,
    "minResTime" : 286.0,
    "maxResTime" : 3692.0,
    "pct1ResTime" : 1804.2000000000003,
    "pct2ResTime" : 2752.7,
    "pct3ResTime" : 3146.9900000000007,
    "throughput" : 39.04216553878189,
    "receivedKBytesPerSec" : 41.977953377147315,
    "sentKBytesPerSec" : 14.450176503123373
  },
  "Logout Request-1" : {
    "transaction" : "Logout Request-1",
    "sampleCount" : 300,
    "errorCount" : 0,
    "errorPct" : 0.0,
    "meanResTime" : 546.7,
    "medianResTime" : 471.5,
    "minResTime" : 44.0,
    "maxResTime" : 2730.0,
    "pct1ResTime" : 950.2000000000023,
    "pct2ResTime" : 1308.6999999999998,
    "pct3ResTime" : 2460.84,
    "throughput" : 41.26547455295736,
    "receivedKBytesPerSec" : 31.553580639614857,
    "sentKBytesPerSec" : 7.616381533700138
  },
  "Total" : {
    "transaction" : "Total",
    "sampleCount" : 2689,
    "errorCount" : 205,
    "errorPct" : 7.623652,
    "meanResTime" : 1065.3518036444798,
    "medianResTime" : 716.0,
    "minResTime" : 44.0,
    "maxResTime" : 7798.0,
    "pct1ResTime" : 2320.0,
    "pct2ResTime" : 2955.0,
    "pct3ResTime" : 4015.6999999999985,
    "throughput" : 239.10723812911257,
    "receivedKBytesPerSec" : 165.7528579606082,
    "sentKBytesPerSec" : 64.35986267339499
  },
  "Logout Request-0" : {
    "transaction" : "Logout Request-0",
    "sampleCount" : 300,
    "errorCount" : 0,
    "errorPct" : 0.0,
    "meanResTime" : 618.8166666666667,
    "medianResTime" : 499.0,
    "minResTime" : 95.0,
    "maxResTime" : 2841.0,
    "pct1ResTime" : 1159.2000000000025,
    "pct2ResTime" : 1508.2999999999997,
    "pct3ResTime" : 2528.76,
    "throughput" : 39.729837107667855,
    "receivedKBytesPerSec" : 12.337976758045292,
    "sentKBytesPerSec" : 7.37174711958681
  },
  "Login Request-1" : {
    "transaction" : "Login Request-1",
    "sampleCount" : 300,
    "errorCount" : 0,
    "errorPct" : 0.0,
    "meanResTime" : 628.4899999999997,
    "medianResTime" : 476.0,
    "minResTime" : 167.0,
    "maxResTime" : 2545.0,
    "pct1ResTime" : 1202.2000000000003,
    "pct2ResTime" : 1578.9,
    "pct3ResTime" : 2385.420000000004,
    "throughput" : 39.49967083607637,
    "receivedKBytesPerSec" : 14.489641622778144,
    "sentKBytesPerSec" : 7.2518926925608955
  },
  "Home Request-1" : {
    "transaction" : "Home Request-1",
    "sampleCount" : 192,
    "errorCount" : 0,
    "errorPct" : 0.0,
    "meanResTime" : 627.9739583333338,
    "medianResTime" : 490.5,
    "minResTime" : 144.0,
    "maxResTime" : 2375.0,
    "pct1ResTime" : 1271.6000000000001,
    "pct2ResTime" : 1532.7,
    "pct3ResTime" : 2344.31,
    "throughput" : 23.759435713401807,
    "receivedKBytesPerSec" : 18.16761539413439,
    "sentKBytesPerSec" : 4.385286474446232
  },
  "Login Request-2" : {
    "transaction" : "Login Request-2",
    "sampleCount" : 205,
    "errorCount" : 0,
    "errorPct" : 0.0,
    "meanResTime" : 767.1317073170732,
    "medianResTime" : 567.0,
    "minResTime" : 187.0,
    "maxResTime" : 2532.0,
    "pct1ResTime" : 1465.2,
    "pct2ResTime" : 1755.699999999999,
    "pct3ResTime" : 2493.08,
    "throughput" : 25.12562814070352,
    "receivedKBytesPerSec" : 19.21227229899497,
    "sentKBytesPerSec" : 4.637445037688442
  },
  "Home Request-0" : {
    "transaction" : "Home Request-0",
    "sampleCount" : 192,
    "errorCount" : 0,
    "errorPct" : 0.0,
    "meanResTime" : 758.5781249999999,
    "medianResTime" : 517.5,
    "minResTime" : 159.0,
    "maxResTime" : 2670.0,
    "pct1ResTime" : 1696.4000000000012,
    "pct2ResTime" : 2401.45,
    "pct3ResTime" : 2630.9399999999996,
    "throughput" : 23.032629558541267,
    "receivedKBytesPerSec" : 7.15271113243762,
    "sentKBytesPerSec" : 4.2286468330134355
  },
  "Login Request" : {
    "transaction" : "Login Request",
    "sampleCount" : 300,
    "errorCount" : 205,
    "errorPct" : 68.333336,
    "meanResTime" : 2644.51,
    "medianResTime" : 2655.0,
    "minResTime" : 471.0,
    "maxResTime" : 7798.0,
    "pct1ResTime" : 3924.8000000000006,
    "pct2ResTime" : 4210.099999999999,
    "pct3ResTime" : 5082.950000000001,
    "throughput" : 28.91844997108155,
    "receivedKBytesPerSec" : 36.308563626614614,
    "sentKBytesPerSec" : 16.412067578802777
  },
  "Home Request" : {
    "transaction" : "Home Request",
    "sampleCount" : 300,
    "errorCount" : 0,
    "errorPct" : 0.0,
    "meanResTime" : 1187.3733333333323,
    "medianResTime" : 1055.0,
    "minResTime" : 166.0,
    "maxResTime" : 3784.0,
    "pct1ResTime" : 2232.6000000000004,
    "pct2ResTime" : 2692.5499999999997,
    "pct3ResTime" : 3202.9100000000008,
    "throughput" : 35.31489111241907,
    "receivedKBytesPerSec" : 30.50875515008829,
    "sentKBytesPerSec" : 10.655164802825192
  },
  "Login Request-0" : {
    "transaction" : "Login Request-0",
    "sampleCount" : 300,
    "errorCount" : 0,
    "errorPct" : 0.0,
    "meanResTime" : 1332.8699999999997,
    "medianResTime" : 1442.0,
    "minResTime" : 243.0,
    "maxResTime" : 2726.0,
    "pct1ResTime" : 2131.8,
    "pct2ResTime" : 2155.95,
    "pct3ResTime" : 2596.2300000000014,
    "throughput" : 33.68137420006737,
    "receivedKBytesPerSec" : 12.334487622094981,
    "sentKBytesPerSec" : 8.683479285954867
  }
}