{
  "Logout Request" : {
    "transaction" : "Logout Request",
    "sampleCount" : 300,
    "errorCount" : 0,
    "errorPct" : 0.0,
    "meanResTime" : 485.3566666666669,
    "medianResTime" : 320.5,
    "minResTime" : 45.0,
    "maxResTime" : 1519.0,
    "pct1ResTime" : 1142.9,
    "pct2ResTime" : 1268.75,
    "pct3ResTime" : 1500.6400000000003,
    "throughput" : 64.36387041407424,
    "receivedKBytesPerSec" : 39.09015635056855,
    "sentKBytesPerSec" : 8.799747908174213
  },
  "Total" : {
    "transaction" : "Total",
    "sampleCount" : 900,
    "errorCount" : 300,
    "errorPct" : 33.333332,
    "meanResTime" : 822.1499999999994,
    "medianResTime" : 565.5,
    "minResTime" : 45.0,
    "maxResTime" : 3090.0,
    "pct1ResTime" : 2091.8,
    "pct2ResTime" : 2687.2999999999993,
    "pct3ResTime" : 2913.98,
    "throughput" : 127.7139208173691,
    "receivedKBytesPerSec" : 77.57622924648787,
    "sentKBytesPerSec" : 22.32499201787995
  },
  "Login Request" : {
    "transaction" : "Login Request",
    "sampleCount" : 300,
    "errorCount" : 0,
    "errorPct" : 0.0,
    "meanResTime" : 1462.666666666668,
    "medianResTime" : 1521.0,
    "minResTime" : 101.0,
    "maxResTime" : 3090.0,
    "pct1ResTime" : 2783.5,
    "pct2ResTime" : 2831.75,
    "pct3ResTime" : 3087.96,
    "throughput" : 43.956043956043956,
    "receivedKBytesPerSec" : 26.701865842490843,
    "sentKBytesPerSec" : 11.117788461538462
  },
  "Home Request" : {
    "transaction" : "Home Request",
    "sampleCount" : 300,
    "errorCount" : 300,
    "errorPct" : 100.0,
    "meanResTime" : 518.4266666666666,
    "medianResTime" : 332.0,
    "minResTime" : 81.0,
    "maxResTime" : 1515.0,
    "pct1ResTime" : 923.6000000000001,
    "pct2ResTime" : 1127.9,
    "pct3ResTime" : 1474.6800000000012,
    "throughput" : 59.4059405940594,
    "receivedKBytesPerSec" : 36.08717512376238,
    "sentKBytesPerSec" : 8.005878712871288
  }
}