{
  "Logout Request" : {
    "transaction" : "Logout Request",
    "sampleCount" : 300,
    "errorCount" : 0,
    "errorPct" : 0.0,
    "meanResTime" : 2412.190000000001,
    "medianResTime" : 1981.0,
    "minResTime" : 323.0,
    "maxResTime" : 5492.0,
    "pct1ResTime" : 4630.200000000002,
    "pct2ResTime" : 4839.95,
    "pct3ResTime" : 5385.700000000001,
    "throughput" : 40.08551576696953,
    "receivedKBytesPerSec" : 43.09975865179049,
    "sentKBytesPerSec" : 18.202895343399252
  },
  "Logout Request-1" : {
    "transaction" : "Logout Request-1",
    "sampleCount" : 300,
    "errorCount" : 0,
    "errorPct" : 0.0,
    "meanResTime" : 1129.2033333333331,
    "medianResTime" : 766.5,
    "minResTime" : 78.0,
    "maxResTime" : 4751.0,
    "pct1ResTime" : 2874.8,
    "pct2ResTime" : 3200.349999999999,
    "pct3ResTime" : 4457.95,
    "throughput" : 44.88330341113106,
    "receivedKBytesPerSec" : 34.31994782315979,
    "sentKBytesPerSec" : 10.16887342908438
  },
  "Total" : {
    "transaction" : "Total",
    "sampleCount" : 2100,
    "errorCount" : 0,
    "errorPct" : 0.0,
    "meanResTime" : 1874.6990476190483,
    "medianResTime" : 1415.5,
    "minResTime" : 63.0,
    "maxResTime" : 6175.0,
    "pct1ResTime" : 3916.0,
    "pct2ResTime" : 4465.749999999999,
    "pct3ResTime" : 5073.98,
    "throughput" : 172.22996801443452,
    "receivedKBytesPerSec" : 106.9709566964652,
    "sentKBytesPerSec" : 53.74978214959403
  },
  "Logout Request-0" : {
    "transaction" : "Logout Request-0",
    "sampleCount" : 300,
    "errorCount" : 0,
    "errorPct" : 0.0,
    "meanResTime" : 1273.790000000001,
    "medianResTime" : 883.0,
    "minResTime" : 85.0,
    "maxResTime" : 5252.0,
    "pct1ResTime" : 2916.300000000001,
    "pct2ResTime" : 4246.299999999997,
    "pct3ResTime" : 4945.000000000004,
    "throughput" : 43.77644827083029,
    "receivedKBytesPerSec" : 13.594639209105502,
    "sentKBytesPerSec" : 9.960851999124472
  },
  "Login Request-1" : {
    "transaction" : "Login Request-1",
    "sampleCount" : 300,
    "errorCount" : 0,
    "errorPct" : 0.0,
    "meanResTime" : 1147.2766666666662,
    "medianResTime" : 1148.5,
    "minResTime" : 63.0,
    "maxResTime" : 3402.0,
    "pct1ResTime" : 1442.7,
    "pct2ResTime" : 1878.7499999999982,
    "pct3ResTime" : 2852.780000000002,
    "throughput" : 35.98416696653472,
    "receivedKBytesPerSec" : 17.570394026628286,
    "sentKBytesPerSec" : 8.117522040302267
  },
  "Login Request" : {
    "transaction" : "Login Request",
    "sampleCount" : 300,
    "errorCount" : 0,
    "errorPct" : 0.0,
    "meanResTime" : 3485.0800000000017,
    "medianResTime" : 3591.5,
    "minResTime" : 1298.0,
    "maxResTime" : 6175.0,
    "pct1ResTime" : 4558.6,
    "pct2ResTime" : 4844.3,
    "pct3ResTime" : 5625.9,
    "throughput" : 27.070925825663238,
    "receivedKBytesPerSec" : 23.13189462642122,
    "sentKBytesPerSec" : 14.222810638873849
  },
  "Home Request" : {
    "transaction" : "Home Request",
    "sampleCount" : 300,
    "errorCount" : 0,
    "errorPct" : 0.0,
    "meanResTime" : 1378.9799999999998,
    "medianResTime" : 1052.0,
    "minResTime" : 170.0,
    "maxResTime" : 5412.0,
    "pct1ResTime" : 2722.100000000002,
    "pct2ResTime" : 4142.65,
    "pct3ResTime" : 4792.97,
    "throughput" : 40.11231448054553,
    "receivedKBytesPerSec" : 19.586091054953872,
    "sentKBytesPerSec" : 9.048774067388688
  },
  "Login Request-0" : {
    "transaction" : "Login Request-0",
    "sampleCount" : 300,
    "errorCount" : 0,
    "errorPct" : 0.0,
    "meanResTime" : 2296.3733333333366,
    "medianResTime" : 2395.5,
    "minResTime" : 684.0,
    "maxResTime" : 5880.0,
    "pct1ResTime" : 3456.4,
    "pct2ResTime" : 3723.8999999999996,
    "pct3ResTime" : 4041.5300000000007,
    "throughput" : 27.811254287568367,
    "receivedKBytesPerSec" : 10.184785505701306,
    "sentKBytesPerSec" : 8.33794440066747
  }
}