{
  "Logout Request" : {
    "transaction" : "Logout Request",
    "sampleCount" : 300,
    "errorCount" : 0,
    "errorPct" : 0.0,
    "meanResTime" : 875.7966666666672,
    "medianResTime" : 832.5,
    "minResTime" : 76.0,
    "maxResTime" : 2415.0,
    "pct1ResTime" : 1405.5000000000005,
    "pct2ResTime" : 1631.75,
    "pct3ResTime" : 2131.790000000002,
    "throughput" : 49.02761889197581,
    "receivedKBytesPerSec" : 52.71426601568884,
    "sentKBytesPerSec" : 18.145964414119955
  },
  "Logout Request-1" : {
    "transaction" : "Logout Request-1",
    "sampleCount" : 300,
    "errorCount" : 0,
    "errorPct" : 0.0,
    "meanResTime" : 413.33333333333366,
    "medianResTime" : 359.0,
    "minResTime" : 12.0,
    "maxResTime" : 1476.0,
    "pct1ResTime" : 735.5000000000002,
    "pct2ResTime" : 854.6999999999999,
    "pct3ResTime" : 1334.010000000001,
    "throughput" : 51.00306018361102,
    "receivedKBytesPerSec" : 38.99941027711663,
    "sentKBytesPerSec" : 9.413650756545394
  },
  "Total" : {
    "transaction" : "Total",
    "sampleCount" : 2684,
    "errorCount" : 190,
    "errorPct" : 7.0789866,
    "meanResTime" : 1082.3058867362108,
    "medianResTime" : 626.0,
    "minResTime" : 12.0,
    "maxResTime" : 6340.0,
    "pct1ResTime" : 2343.5,
    "pct2ResTime" : 3800.25,
    "pct3ResTime" : 4917.450000000001,
    "throughput" : 267.9712460063898,
    "receivedKBytesPerSec" : 185.179689060004,
    "sentKBytesPerSec" : 71.98657928564297
  },
  "Logout Request-0" : {
    "transaction" : "Logout Request-0",
    "sampleCount" : 300,
    "errorCount" : 0,
    "errorPct" : 0.0,
    "meanResTime" : 456.1433333333332,
    "medianResTime" : 387.5,
    "minResTime" : 64.0,
    "maxResTime" : 1473.0,
    "pct1ResTime" : 812.0,
    "pct2ResTime" : 1055.3999999999999,
    "pct3ResTime" : 1420.4200000000005,
    "throughput" : 49.123956115932536,
    "receivedKBytesPerSec" : 15.255291059439987,
    "sentKBytesPerSec" : 9.114796544948419
  },
  "Login Request-1" : {
    "transaction" : "Login Request-1",
    "sampleCount" : 300,
    "errorCount" : 0,
    "errorPct" : 0.0,
    "meanResTime" : 1117.586666666666,
    "medianResTime" : 1344.5,
    "minResTime" : 125.0,
    "maxResTime" : 3647.0,
    "pct1ResTime" : 1869.0,
    "pct2ResTime" : 2075.45,
    "pct3ResTime" : 2262.3100000000004,
    "throughput" : 42.58943781942078,
    "receivedKBytesPerSec" : 16.00153943072118,
    "sentKBytesPerSec" : 7.819154599659285
  },
  "Login Request-2" : {
    "transaction" : "Login Request-2",
    "sampleCount" : 190,
    "errorCount" : 0,
    "errorPct" : 0.0,
    "meanResTime" : 608.9736842105264,
    "medianResTime" : 514.0,
    "minResTime" : 55.0,
    "maxResTime" : 1976.0,
    "pct1ResTime" : 1397.0,
    "pct2ResTime" : 1683.5,
    "pct3ResTime" : 1872.2600000000004,
    "throughput" : 27.088679783290562,
    "receivedKBytesPerSec" : 20.713316670230967,
    "sentKBytesPerSec" : 4.9997660928143715
  },
  "Home Request-1" : {
    "transaction" : "Home Request-1",
    "sampleCount" : 197,
    "errorCount" : 0,
    "errorPct" : 0.0,
    "meanResTime" : 503.74619289340114,
    "medianResTime" : 410.0,
    "minResTime" : 53.0,
    "maxResTime" : 3645.0,
    "pct1ResTime" : 854.4000000000001,
    "pct2ResTime" : 1311.3999999999996,
    "pct3ResTime" : 3605.8,
    "throughput" : 32.36937232993756,
    "receivedKBytesPerSec" : 24.75118997494249,
    "sentKBytesPerSec" : 5.974425166365428
  },
  "Home Request-0" : {
    "transaction" : "Home Request-0",
    "sampleCount" : 197,
    "errorCount" : 0,
    "errorPct" : 0.0,
    "meanResTime" : 584.7969543147204,
    "medianResTime" : 473.0,
    "minResTime" : 40.0,
    "maxResTime" : 3644.0,
    "pct1ResTime" : 1372.8000000000002,
    "pct2ResTime" : 1435.7,
    "pct3ResTime" : 2194.580000000015,
    "throughput" : 27.560156687185227,
    "receivedKBytesPerSec" : 8.558720533715725,
    "sentKBytesPerSec" : 5.059872516787913
  },
  "Login Request" : {
    "transaction" : "Login Request",
    "sampleCount" : 300,
    "errorCount" : 190,
    "errorPct" : 63.333332,
    "meanResTime" : 3208.1333333333328,
    "medianResTime" : 3538.5,
    "minResTime" : 318.0,
    "maxResTime" : 6340.0,
    "pct1ResTime" : 4853.700000000002,
    "pct2ResTime" : 5062.5,
    "pct3ResTime" : 5981.290000000001,
    "throughput" : 31.545741324921135,
    "receivedKBytesPerSec" : 38.68152766824395,
    "sentKBytesPerSec" : 17.61201202681388
  },
  "Home Request" : {
    "transaction" : "Home Request",
    "sampleCount" : 300,
    "errorCount" : 0,
    "errorPct" : 0.0,
    "meanResTime" : 913.8866666666668,
    "medianResTime" : 760.5,
    "minResTime" : 100.0,
    "maxResTime" : 4068.0,
    "pct1ResTime" : 1814.8000000000002,
    "pct2ResTime" : 2145.9499999999994,
    "pct3ResTime" : 3877.9300000000103,
    "throughput" : 41.45936981757877,
    "receivedKBytesPerSec" : 36.22256015927308,
    "sentKBytesPerSec" : 12.636605384535656
  },
  "Login Request-0" : {
    "transaction" : "Login Request-0",
    "sampleCount" : 300,
    "errorCount" : 0,
    "errorPct" : 0.0,
    "meanResTime" : 1597.6566666666665,
    "medianResTime" : 1976.5,
    "minResTime" : 128.0,
    "maxResTime" : 3907.0,
    "pct1ResTime" : 2347.2000000000003,
    "pct2ResTime" : 2594.0,
    "pct3ResTime" : 3700.8,
    "throughput" : 32.94169320303064,
    "receivedKBytesPerSec" : 12.063608350719228,
    "sentKBytesPerSec" : 8.492780278906336
  }
}