{
  "Logout Request" : {
    "transaction" : "Logout Request",
    "sampleCount" : 300,
    "errorCount" : 0,
    "errorPct" : 0.0,
    "meanResTime" : 1116.0433333333333,
    "medianResTime" : 853.5,
    "minResTime" : 119.0,
    "maxResTime" : 4922.0,
    "pct1ResTime" : 2418.3000000000006,
    "pct2ResTime" : 2594.2,
    "pct3ResTime" : 3158.050000000003,
    "throughput" : 39.494470774091624,
    "receivedKBytesPerSec" : 42.464269845971565,
    "sentKBytesPerSec" : 17.934500888625593
  },
  "Logout Request-1" : {
    "transaction" : "Logout Request-1",
    "sampleCount" : 300,
    "errorCount" : 0,
    "errorPct" : 0.0,
    "meanResTime" : 493.9133333333332,
    "medianResTime" : 333.5,
    "minResTime" : 33.0,
    "maxResTime" : 4153.0,
    "pct1ResTime" : 1256.8000000000002,
    "pct2ResTime" : 1751.6999999999994,
    "pct3ResTime" : 2252.6200000000013,
    "throughput" : 40.84967320261438,
    "receivedKBytesPerSec" : 31.235638786764703,
    "sentKBytesPerSec" : 9.25500408496732
  },
  "Total" : {
    "transaction" : "Total",
    "sampleCount" : 2533,
    "errorCount" : 163,
    "errorPct" : 6.435057,
    "meanResTime" : 1100.3932096328442,
    "medianResTime" : 762.0,
    "minResTime" : 33.0,
    "maxResTime" : 6998.0,
    "pct1ResTime" : 2551.1999999999994,
    "pct2ResTime" : 3221.199999999999,
    "pct3ResTime" : 4346.879999999997,
    "throughput" : 225.95896520963427,
    "receivedKBytesPerSec" : 153.43582738626225,
    "sentKBytesPerSec" : 73.22537424732381
  },
  "Logout Request-0" : {
    "transaction" : "Logout Request-0",
    "sampleCount" : 300,
    "errorCount" : 0,
    "errorPct" : 0.0,
    "meanResTime" : 598.6066666666661,
    "medianResTime" : 383.0,
    "minResTime" : 80.0,
    "maxResTime" : 4302.0,
    "pct1ResTime" : 1361.6000000000004,
    "pct2ResTime" : 1824.5,
    "pct3ResTime" : 2462.4900000000007,
    "throughput" : 39.67204443268976,
    "receivedKBytesPerSec" : 12.320029423432954,
    "sentKBytesPerSec" : 9.026939797672574
  },
  "Login Request-1" : {
    "transaction" : "Login Request-1",
    "sampleCount" : 300,
    "errorCount" : 0,
    "errorPct" : 0.0,
    "meanResTime" : 846.48,
    "medianResTime" : 787.0,
    "minResTime" : 120.0,
    "maxResTime" : 3457.0,
    "pct1ResTime" : 1248.8000000000006,
    "pct2ResTime" : 1381.9,
    "pct3ResTime" : 3195.970000000002,
    "throughput" : 35.09182360510001,
    "receivedKBytesPerSec" : 13.745896815417009,
    "sentKBytesPerSec" : 7.916221926541116
  },
  "Login Request-2" : {
    "transaction" : "Login Request-2",
    "sampleCount" : 163,
    "errorCount" : 0,
    "errorPct" : 0.0,
    "meanResTime" : 660.4233128834354,
    "medianResTime" : 448.0,
    "minResTime" : 48.0,
    "maxResTime" : 3321.0,
    "pct1ResTime" : 1101.8,
    "pct2ResTime" : 2463.399999999995,
    "pct3ResTime" : 3272.3599999999988,
    "throughput" : 20.764331210191084,
    "receivedKBytesPerSec" : 15.877413415605096,
    "sentKBytesPerSec" : 4.704418789808917
  },
  "Home Request-1" : {
    "transaction" : "Home Request-1",
    "sampleCount" : 135,
    "errorCount" : 0,
    "errorPct" : 0.0,
    "meanResTime" : 648.4592592592594,
    "medianResTime" : 384.0,
    "minResTime" : 75.0,
    "maxResTime" : 4152.0,
    "pct1ResTime" : 1610.0,
    "pct2ResTime" : 1872.1999999999991,
    "pct3ResTime" : 4106.6399999999985,
    "throughput" : 18.409927723987455,
    "receivedKBytesPerSec" : 14.077122468634938,
    "sentKBytesPerSec" : 4.170999249965908
  },
  "Home Request-0" : {
    "transaction" : "Home Request-0",
    "sampleCount" : 135,
    "errorCount" : 0,
    "errorPct" : 0.0,
    "meanResTime" : 660.5037037037035,
    "medianResTime" : 437.0,
    "minResTime" : 129.0,
    "maxResTime" : 4883.0,
    "pct1ResTime" : 1314.6000000000004,
    "pct2ResTime" : 2016.9999999999982,
    "pct3ResTime" : 4294.399999999978,
    "throughput" : 17.32546201232033,
    "receivedKBytesPerSec" : 5.38036808585729,
    "sentKBytesPerSec" : 3.908380590669918
  },
  "Login Request" : {
    "transaction" : "Login Request",
    "sampleCount" : 300,
    "errorCount" : 163,
    "errorPct" : 54.333332,
    "meanResTime" : 2798.113333333334,
    "medianResTime" : 2805.5,
    "minResTime" : 532.0,
    "maxResTime" : 6998.0,
    "pct1ResTime" : 4068.8000000000006,
    "pct2ResTime" : 5178.149999999998,
    "pct3ResTime" : 6029.770000000001,
    "throughput" : 27.818991097922847,
    "receivedKBytesPerSec" : 32.64230790407084,
    "sentKBytesPerSec" : 18.040325945845698
  },
  "Home Request" : {
    "transaction" : "Home Request",
    "sampleCount" : 300,
    "errorCount" : 0,
    "errorPct" : 0.0,
    "meanResTime" : 938.7633333333333,
    "medianResTime" : 768.5,
    "minResTime" : 96.0,
    "maxResTime" : 5492.0,
    "pct1ResTime" : 1886.9000000000003,
    "pct2ResTime" : 2184.7999999999993,
    "pct3ResTime" : 4347.850000000005,
    "throughput" : 37.453183520599254,
    "receivedKBytesPerSec" : 28.179497308052436,
    "sentKBytesPerSec" : 12.267380617977528
  },
  "Login Request-0" : {
    "transaction" : "Login Request-0",
    "sampleCount" : 300,
    "errorCount" : 0,
    "errorPct" : 0.0,
    "meanResTime" : 1551.2033333333338,
    "medianResTime" : 1585.5,
    "minResTime" : 172.0,
    "maxResTime" : 3173.0,
    "pct1ResTime" : 2529.6000000000004,
    "pct2ResTime" : 2698.0499999999997,
    "pct3ResTime" : 2949.51,
    "throughput" : 29.539188656951556,
    "receivedKBytesPerSec" : 10.817573971051594,
    "sentKBytesPerSec" : 8.855987224300906
  }
}