{
  "Logout Request" : {
    "transaction" : "Logout Request",
    "sampleCount" : 300,
    "errorCount" : 0,
    "errorPct" : 0.0,
    "meanResTime" : 812.2633333333334,
    "medianResTime" : 823.5,
    "minResTime" : 46.0,
    "maxResTime" : 1950.0,
    "pct1ResTime" : 1490.7,
    "pct2ResTime" : 1608.85,
    "pct3ResTime" : 1875.8100000000002,
    "throughput" : 69.63788300835655,
    "receivedKBytesPerSec" : 74.87432538300835,
    "sentKBytesPerSec" : 25.774177402506965
  },
  "Logout Request-1" : {
    "transaction" : "Logout Request-1",
    "sampleCount" : 300,
    "errorCount" : 0,
    "errorPct" : 0.0,
    "meanResTime" : 394.92666666666656,
    "medianResTime" : 266.5,
    "minResTime" : 16.0,
    "maxResTime" : 1562.0,
    "pct1ResTime" : 887.7,
    "pct2ResTime" : 1091.6,
    "pct3ResTime" : 1516.98,
    "throughput" : 73.34963325183375,
    "receivedKBytesPerSec" : 56.08668245721272,
    "sentKBytesPerSec" : 13.538164731051346
  },
  "Total" : {
    "transaction" : "Total",
    "sampleCount" : 2100,
    "errorCount" : 0,
    "errorPct" : 0.0,
    "meanResTime" : 743.1914285714281,
    "medianResTime" : 583.0,
    "minResTime" : 16.0,
    "maxResTime" : 2705.0,
    "pct1ResTime" : 1563.0,
    "pct2ResTime" : 1943.8499999999995,
    "pct3ResTime" : 2561.8499999999967,
    "throughput" : 297.15579453799353,
    "receivedKBytesPerSec" : 184.5616067638319,
    "sentKBytesPerSec" : 76.69339005235602
  },
  "Logout Request-0" : {
    "transaction" : "Logout Request-0",
    "sampleCount" : 300,
    "errorCount" : 0,
    "errorPct" : 0.0,
    "meanResTime" : 401.73666666666674,
    "medianResTime" : 385.5,
    "minResTime" : 29.0,
    "maxResTime" : 1384.0,
    "pct1ResTime" : 710.9000000000001,
    "pct2ResTime" : 815.6999999999997,
    "pct3ResTime" : 1170.2000000000007,
    "throughput" : 69.91377301328362,
    "receivedKBytesPerSec" : 21.71150372873456,
    "sentKBytesPerSec" : 12.972282102074107
  },
  "Login Request-1" : {
    "transaction" : "Login Request-1",
    "sampleCount" : 300,
    "errorCount" : 0,
    "errorPct" : 0.0,
    "meanResTime" : 670.1500000000001,
    "medianResTime" : 704.0,
    "minResTime" : 45.0,
    "maxResTime" : 2287.0,
    "pct1ResTime" : 1126.1000000000004,
    "pct2ResTime" : 1220.0,
    "pct3ResTime" : 1412.97,
    "throughput" : 52.21932114882506,
    "receivedKBytesPerSec" : 25.49771540469974,
    "sentKBytesPerSec" : 9.587140992167102
  },
  "Login Request" : {
    "transaction" : "Login Request",
    "sampleCount" : 300,
    "errorCount" : 0,
    "errorPct" : 0.0,
    "meanResTime" : 1620.2099999999996,
    "medianResTime" : 1739.0,
    "minResTime" : 295.0,
    "maxResTime" : 2705.0,
    "pct1ResTime" : 2488.900000000002,
    "pct2ResTime" : 2582.7,
    "pct3ResTime" : 2684.87,
    "throughput" : 43.19654427645788,
    "receivedKBytesPerSec" : 36.9111096112311,
    "sentKBytesPerSec" : 19.06722462203024
  },
  "Home Request" : {
    "transaction" : "Home Request",
    "sampleCount" : 300,
    "errorCount" : 0,
    "errorPct" : 0.0,
    "meanResTime" : 370.18333333333317,
    "medianResTime" : 330.0,
    "minResTime" : 29.0,
    "maxResTime" : 2287.0,
    "pct1ResTime" : 608.5000000000005,
    "pct2ResTime" : 848.0999999999989,
    "pct3ResTime" : 1344.3300000000015,
    "throughput" : 60.350030175015085,
    "receivedKBytesPerSec" : 29.467788171394083,
    "sentKBytesPerSec" : 11.079888352444176
  },
  "Login Request-0" : {
    "transaction" : "Login Request-0",
    "sampleCount" : 300,
    "errorCount" : 0,
    "errorPct" : 0.0,
    "meanResTime" : 932.8700000000005,
    "medianResTime" : 932.0,
    "minResTime" : 155.0,
    "maxResTime" : 2023.0,
    "pct1ResTime" : 1460.9,
    "pct2ResTime" : 1601.8,
    "pct3ResTime" : 1783.7500000000002,
    "throughput" : 45.87155963302752,
    "receivedKBytesPerSec" : 16.798666857798164,
    "sentKBytesPerSec" : 11.826261467889909
  }
}