{
  "Logout Request" : {
    "transaction" : "Logout Request",
    "sampleCount" : 300,
    "errorCount" : 0,
    "errorPct" : 0.0,
    "meanResTime" : 722.7200000000001,
    "medianResTime" : 633.5,
    "minResTime" : 129.0,
    "maxResTime" : 2980.0,
    "pct1ResTime" : 1091.1000000000006,
    "pct2ResTime" : 1769.2499999999998,
    "pct3ResTime" : 2916.000000000001,
    "throughput" : 45.214770158251696,
    "receivedKBytesPerSec" : 48.61470892991711,
    "sentKBytesPerSec" : 20.532097776940468
  },
  "Logout Request-1" : {
    "transaction" : "Logout Request-1",
    "sampleCount" : 300,
    "errorCount" : 0,
    "errorPct" : 0.0,
    "meanResTime" : 302.51,
    "medianResTime" : 292.5,
    "minResTime" : 28.0,
    "maxResTime" : 860.0,
    "pct1ResTime" : 475.0,
    "pct2ResTime" : 532.8499999999999,
    "pct3ResTime" : 672.9000000000001,
    "throughput" : 53.22924059616749,
    "receivedKBytesPerSec" : 40.701655651171045,
    "sentKBytesPerSec" : 12.059749822569199
  },
  "Total" : {
    "transaction" : "Total",
    "sampleCount" : 2676,
    "errorCount" : 194,
    "errorPct" : 7.249626,
    "meanResTime" : 1075.3908819132987,
    "medianResTime" : 601.0,
    "minResTime" : 28.0,
    "maxResTime" : 7030.0,
    "pct1ResTime" : 2823.800000000001,
    "pct2ResTime" : 3370.2000000000007,
    "pct3ResTime" : 4487.76,
    "throughput" : 240.49609059045565,
    "receivedKBytesPerSec" : 166.2157294755999,
    "sentKBytesPerSec" : 78.44981871236631
  },
  "Logout Request-0" : {
    "transaction" : "Logout Request-0",
    "sampleCount" : 300,
    "errorCount" : 0,
    "errorPct" : 0.0,
    "meanResTime" : 415.23666666666685,
    "medianResTime" : 309.0,
    "minResTime" : 69.0,
    "maxResTime" : 2522.0,
    "pct1ResTime" : 686.9000000000001,
    "pct2ResTime" : 1190.0,
    "pct3ResTime" : 2464.88,
    "throughput" : 45.627376425855516,
    "receivedKBytesPerSec" : 14.1694391634981,
    "sentKBytesPerSec" : 10.382010456273765
  },
  "Login Request-1" : {
    "transaction" : "Login Request-1",
    "sampleCount" : 300,
    "errorCount" : 0,
    "errorPct" : 0.0,
    "meanResTime" : 617.3433333333337,
    "medianResTime" : 538.5,
    "minResTime" : 132.0,
    "maxResTime" : 2787.0,
    "pct1ResTime" : 951.7,
    "pct2ResTime" : 1473.8999999999974,
    "pct3ResTime" : 2496.51,
    "throughput" : 57.570523891767415,
    "receivedKBytesPerSec" : 21.493745202456342,
    "sentKBytesPerSec" : 12.9871006044905
  },
  "Login Request-2" : {
    "transaction" : "Login Request-2",
    "sampleCount" : 194,
    "errorCount" : 0,
    "errorPct" : 0.0,
    "meanResTime" : 693.9175257731961,
    "medianResTime" : 601.0,
    "minResTime" : 227.0,
    "maxResTime" : 2587.0,
    "pct1ResTime" : 1007.0,
    "pct2ResTime" : 1537.75,
    "pct3ResTime" : 2458.7500000000014,
    "throughput" : 34.16696019725255,
    "receivedKBytesPerSec" : 26.125712728953857,
    "sentKBytesPerSec" : 7.740951919690032
  },
  "Home Request-1" : {
    "transaction" : "Home Request-1",
    "sampleCount" : 191,
    "errorCount" : 0,
    "errorPct" : 0.0,
    "meanResTime" : 461.58115183246065,
    "medianResTime" : 406.0,
    "minResTime" : 115.0,
    "maxResTime" : 2383.0,
    "pct1ResTime" : 721.2,
    "pct2ResTime" : 905.1999999999971,
    "pct3ResTime" : 2111.5999999999954,
    "throughput" : 27.281816883302387,
    "receivedKBytesPerSec" : 20.86099865197829,
    "sentKBytesPerSec" : 6.181036637623197
  },
  "Home Request-0" : {
    "transaction" : "Home Request-0",
    "sampleCount" : 191,
    "errorCount" : 0,
    "errorPct" : 0.0,
    "meanResTime" : 971.895287958115,
    "medianResTime" : 744.0,
    "minResTime" : 178.0,
    "maxResTime" : 2623.0,
    "pct1ResTime" : 2096.0000000000005,
    "pct2ResTime" : 2403.8,
    "pct3ResTime" : 2588.0399999999995,
    "throughput" : 26.157217200766915,
    "receivedKBytesPerSec" : 8.123042060394413,
    "sentKBytesPerSec" : 5.90070036462613
  },
  "Login Request" : {
    "transaction" : "Login Request",
    "sampleCount" : 300,
    "errorCount" : 194,
    "errorPct" : 64.666664,
    "meanResTime" : 2978.4399999999982,
    "medianResTime" : 3271.5,
    "minResTime" : 634.0,
    "maxResTime" : 7030.0,
    "pct1ResTime" : 4454.700000000003,
    "pct2ResTime" : 4900.65,
    "pct3ResTime" : 6283.210000000001,
    "throughput" : 35.075412136092595,
    "receivedKBytesPerSec" : 43.284109011457964,
    "sentKBytesPerSec" : 23.56720595112826
  },
  "Home Request" : {
    "transaction" : "Home Request",
    "sampleCount" : 300,
    "errorCount" : 0,
    "errorPct" : 0.0,
    "meanResTime" : 1296.6399999999996,
    "medianResTime" : 1097.0,
    "minResTime" : 130.0,
    "maxResTime" : 4106.0,
    "pct1ResTime" : 2404.3000000000006,
    "pct2ResTime" : 2665.9,
    "pct3ResTime" : 3064.5000000000005,
    "throughput" : 39.10323253388947,
    "receivedKBytesPerSec" : 33.70502619101929,
    "sentKBytesPerSec" : 14.461577000782064
  },
  "Login Request-0" : {
    "transaction" : "Login Request-0",
    "sampleCount" : 300,
    "errorCount" : 0,
    "errorPct" : 0.0,
    "meanResTime" : 1898.2166666666683,
    "medianResTime" : 2228.0,
    "minResTime" : 166.0,
    "maxResTime" : 3337.0,
    "pct1ResTime" : 3028.5,
    "pct2ResTime" : 3162.3999999999996,
    "pct3ResTime" : 3301.370000000001,
    "throughput" : 39.856516540454365,
    "receivedKBytesPerSec" : 14.59589228776405,
    "sentKBytesPerSec" : 11.949170486249502
  }
}