{
  "Logout Request" : {
    "transaction" : "Logout Request",
    "sampleCount" : 300,
    "errorCount" : 0,
    "errorPct" : 0.0,
    "meanResTime" : 256.6433333333334,
    "medianResTime" : 260.0,
    "minResTime" : 36.0,
    "maxResTime" : 665.0,
    "pct1ResTime" : 453.80000000000007,
    "pct2ResTime" : 525.9,
    "pct3ResTime" : 571.99,
    "throughput" : 84.91367110104727,
    "receivedKBytesPerSec" : 51.58035619515992,
    "sentKBytesPerSec" : 11.609290970846306
  },
  "Total" : {
    "transaction" : "Total",
    "sampleCount" : 900,
    "errorCount" : 300,
    "errorPct" : 33.333332,
    "meanResTime" : 329.92333333333335,
    "medianResTime" : 280.5,
    "minResTime" : 26.0,
    "maxResTime" : 1221.0,
    "pct1ResTime" : 623.8,
    "pct2ResTime" : 811.5999999999995,
    "pct3ResTime" : 1069.7900000000002,
    "throughput" : 198.80715705765408,
    "receivedKBytesPerSec" : 120.75981610337972,
    "sentKBytesPerSec" : 34.75242296222664
  },
  "Login Request" : {
    "transaction" : "Login Request",
    "sampleCount" : 300,
    "errorCount" : 0,
    "errorPct" : 0.0,
    "meanResTime" : 452.60999999999984,
    "medianResTime" : 381.5,
    "minResTime" : 58.0,
    "maxResTime" : 1221.0,
    "pct1ResTime" : 863.0,
    "pct2ResTime" : 954.95,
    "pct3ResTime" : 1174.8700000000001,
    "throughput" : 68.41505131128848,
    "receivedKBytesPerSec" : 41.55991661915622,
    "sentKBytesPerSec" : 17.304197548460664
  },
  "Home Request" : {
    "transaction" : "Home Request",
    "sampleCount" : 300,
    "errorCount" : 300,
    "errorPct" : 100.0,
    "meanResTime" : 280.5166666666668,
    "medianResTime" : 244.5,
    "minResTime" : 26.0,
    "maxResTime" : 875.0,
    "pct1ResTime" : 542.0,
    "pct2ResTime" : 613.8,
    "pct3ResTime" : 777.0,
    "throughput" : 81.67710318540702,
    "receivedKBytesPerSec" : 49.60687576572284,
    "sentKBytesPerSec" : 11.007265858970868
  }
}