{
  "Logout Request" : {
    "transaction" : "Logout Request",
    "sampleCount" : 300,
    "errorCount" : 0,
    "errorPct" : 0.0,
    "meanResTime" : 515.9833333333337,
    "medianResTime" : 334.0,
    "minResTime" : 40.0,
    "maxResTime" : 1466.0,
    "pct1ResTime" : 1161.9000000000003,
    "pct2ResTime" : 1225.6,
    "pct3ResTime" : 1436.95,
    "throughput" : 88.62629246676514,
    "receivedKBytesPerSec" : 53.83787620014771,
    "sentKBytesPerSec" : 12.116875923190547
  },
  "Total" : {
    "transaction" : "Total",
    "sampleCount" : 900,
    "errorCount" : 0,
    "errorPct" : 0.0,
    "meanResTime" : 603.568888888889,
    "medianResTime" : 353.5,
    "minResTime" : 33.0,
    "maxResTime" : 1966.0,
    "pct1ResTime" : 1554.6999999999998,
    "pct2ResTime" : 1680.9499999999998,
    "pct3ResTime" : 1893.8500000000001,
    "throughput" : 163.4283639004903,
    "receivedKBytesPerSec" : 99.26996322861812,
    "sentKBytesPerSec" : 28.568044080261487
  },
  "Login Request" : {
    "transaction" : "Login Request",
    "sampleCount" : 300,
    "errorCount" : 0,
    "errorPct" : 0.0,
    "meanResTime" : 918.0966666666667,
    "medianResTime" : 1034.5,
    "minResTime" : 33.0,
    "maxResTime" : 1966.0,
    "pct1ResTime" : 1720.8000000000002,
    "pct2ResTime" : 1770.75,
    "pct3ResTime" : 1940.97,
    "throughput" : 56.35919594213789,
    "receivedKBytesPerSec" : 34.23435885543866,
    "sentKBytesPerSec" : 14.254913817396204
  },
  "Home Request" : {
    "transaction" : "Home Request",
    "sampleCount" : 300,
    "errorCount" : 0,
    "errorPct" : 0.0,
    "meanResTime" : 376.6266666666666,
    "medianResTime" : 322.0,
    "minResTime" : 39.0,
    "maxResTime" : 1526.0,
    "pct1ResTime" : 667.9000000000003,
    "pct2ResTime" : 1170.6499999999999,
    "pct3ResTime" : 1453.9,
    "throughput" : 85.47008547008546,
    "receivedKBytesPerSec" : 51.91139155982906,
    "sentKBytesPerSec" : 11.518429487179487
  }
}