{
  "Logout Request" : {
    "transaction" : "Logout Request",
    "sampleCount" : 300,
    "errorCount" : 0,
    "errorPct" : 0.0,
    "meanResTime" : 1370.2500000000005,
    "medianResTime" : 1054.0,
    "minResTime" : 146.0,
    "maxResTime" : 4749.0,
    "pct1ResTime" : 2609.5000000000014,
    "pct2ResTime" : 3094.8999999999987,
    "pct3ResTime" : 4423.92,
    "throughput" : 43.79562043795621,
    "receivedKBytesPerSec" : 47.088845802919714,
    "sentKBytesPerSec" : 16.20951186131387
  },
  "Logout Request-1" : {
    "transaction" : "Logout Request-1",
    "sampleCount" : 300,
    "errorCount" : 0,
    "errorPct" : 0.0,
    "meanResTime" : 594.32,
    "medianResTime" : 329.5,
    "minResTime" : 31.0,
    "maxResTime" : 2956.0,
    "pct1ResTime" : 1618.6000000000004,
    "pct2ResTime" : 1861.6,
    "pct3ResTime" : 2522.88,
    "throughput" : 45.27618472683369,
    "receivedKBytesPerSec" : 34.62036390733474,
    "sentKBytesPerSec" : 8.35663956383942
  },
  "Total" : {
    "transaction" : "Total",
    "sampleCount" : 2717,
    "errorCount" : 227,
    "errorPct" : 8.354803,
    "meanResTime" : 1292.4979757085,
    "medianResTime" : 770.0,
    "minResTime" : 24.0,
    "maxResTime" : 8371.0,
    "pct1ResTime" : 2948.800000000001,
    "pct2ResTime" : 3942.0,
    "pct3ResTime" : 5349.240000000022,
    "throughput" : 262.0816050930838,
    "receivedKBytesPerSec" : 182.77873902768397,
    "sentKBytesPerSec" : 70.76013432043985
  },
  "Logout Request-0" : {
    "transaction" : "Logout Request-0",
    "sampleCount" : 300,
    "errorCount" : 0,
    "errorPct" : 0.0,
    "meanResTime" : 759.8,
    "medianResTime" : 440.0,
    "minResTime" : 77.0,
    "maxResTime" : 4557.0,
    "pct1ResTime" : 1819.9,
    "pct2ResTime" : 2137.2999999999997,
    "pct3ResTime" : 4213.450000000001,
    "throughput" : 44.00117336462306,
    "receivedKBytesPerSec" : 13.664426884716926,
    "sentKBytesPerSec" : 8.164280214139044
  },
  "Login Request-1" : {
    "transaction" : "Login Request-1",
    "sampleCount" : 300,
    "errorCount" : 0,
    "errorPct" : 0.0,
    "meanResTime" : 917.5299999999999,
    "medianResTime" : 779.0,
    "minResTime" : 82.0,
    "maxResTime" : 4506.0,
    "pct1ResTime" : 1618.8000000000002,
    "pct2ResTime" : 1812.3999999999999,
    "pct3ResTime" : 4203.700000000015,
    "throughput" : 42.229729729729726,
    "receivedKBytesPerSec" : 14.94069142384572,
    "sentKBytesPerSec" : 7.7531144425675675
  },
  "Login Request-2" : {
    "transaction" : "Login Request-2",
    "sampleCount" : 227,
    "errorCount" : 0,
    "errorPct" : 0.0,
    "meanResTime" : 779.7488986784142,
    "medianResTime" : 575.0,
    "minResTime" : 90.0,
    "maxResTime" : 4482.0,
    "pct1ResTime" : 1716.4000000000005,
    "pct2ResTime" : 1851.8,
    "pct3ResTime" : 3863.8399999999983,
    "throughput" : 31.721632196757962,
    "receivedKBytesPerSec" : 24.255896494200673,
    "sentKBytesPerSec" : 5.854871567565679
  },
  "Home Request-1" : {
    "transaction" : "Home Request-1",
    "sampleCount" : 195,
    "errorCount" : 0,
    "errorPct" : 0.0,
    "meanResTime" : 725.0717948717951,
    "medianResTime" : 458.0,
    "minResTime" : 24.0,
    "maxResTime" : 4572.0,
    "pct1ResTime" : 1770.2,
    "pct2ResTime" : 1933.7999999999984,
    "pct3ResTime" : 4562.4,
    "throughput" : 29.200359389038635,
    "receivedKBytesPerSec" : 22.328009181266847,
    "sentKBytesPerSec" : 5.38951945754717
  },
  "Home Request-0" : {
    "transaction" : "Home Request-0",
    "sampleCount" : 195,
    "errorCount" : 0,
    "errorPct" : 0.0,
    "meanResTime" : 776.2102564102566,
    "medianResTime" : 480.0,
    "minResTime" : 128.0,
    "maxResTime" : 4503.0,
    "pct1ResTime" : 1695.8000000000002,
    "pct2ResTime" : 1911.9999999999986,
    "pct3ResTime" : 4225.559999999998,
    "throughput" : 26.53422234317594,
    "receivedKBytesPerSec" : 8.240119829228465,
    "sentKBytesPerSec" : 4.871517383317458
  },
  "Login Request" : {
    "transaction" : "Login Request",
    "sampleCount" : 300,
    "errorCount" : 227,
    "errorPct" : 75.666664,
    "meanResTime" : 3425.94333333333,
    "medianResTime" : 3378.0,
    "minResTime" : 453.0,
    "maxResTime" : 8371.0,
    "pct1ResTime" : 5210.7,
    "pct2ResTime" : 5743.299999999999,
    "pct3ResTime" : 8000.870000000003,
    "throughput" : 30.696817763225212,
    "receivedKBytesPerSec" : 39.862595767676254,
    "sentKBytesPerSec" : 17.836829626266244
  },
  "Home Request" : {
    "transaction" : "Home Request",
    "sampleCount" : 300,
    "errorCount" : 0,
    "errorPct" : 0.0,
    "meanResTime" : 1213.1733333333334,
    "medianResTime" : 868.0,
    "minResTime" : 163.0,
    "maxResTime" : 5116.0,
    "pct1ResTime" : 2388.5000000000005,
    "pct2ResTime" : 2925.6499999999974,
    "pct3ResTime" : 4823.300000000001,
    "throughput" : 39.95205753096284,
    "receivedKBytesPerSec" : 34.74931644526568,
    "sentKBytesPerSec" : 12.128024495605272
  },
  "Login Request-0" : {
    "transaction" : "Login Request-0",
    "sampleCount" : 300,
    "errorCount" : 0,
    "errorPct" : 0.0,
    "meanResTime" : 1858.863333333334,
    "medianResTime" : 1928.0,
    "minResTime" : 114.0,
    "maxResTime" : 3725.0,
    "pct1ResTime" : 3388.6000000000004,
    "pct2ResTime" : 3581.8,
    "pct3ResTime" : 3620.95,
    "throughput" : 33.21891263425977,
    "receivedKBytesPerSec" : 12.165129138522865,
    "sentKBytesPerSec" : 8.564250913520096
  }
}