{
  "Logout Request" : {
    "transaction" : "Logout Request",
    "sampleCount" : 300,
    "errorCount" : 0,
    "errorPct" : 0.0,
    "meanResTime" : 402.3933333333332,
    "medianResTime" : 355.0,
    "minResTime" : 94.0,
    "maxResTime" : 1434.0,
    "pct1ResTime" : 734.9000000000001,
    "pct2ResTime" : 772.95,
    "pct3ResTime" : 1415.98,
    "throughput" : 105.04201680672269,
    "receivedKBytesPerSec" : 63.8082381390056,
    "sentKBytesPerSec" : 14.361213235294118
  },
  "Total" : {
    "transaction" : "Total",
    "sampleCount" : 900,
    "errorCount" : 0,
    "errorPct" : 0.0,
    "meanResTime" : 1662.7466666666649,
    "medianResTime" : 395.5,
    "minResTime" : 28.0,
    "maxResTime" : 6258.0,
    "pct1ResTime" : 5313.9,
    "pct2ResTime" : 5595.699999999998,
    "pct3ResTime" : 6082.290000000001,
    "throughput" : 111.46891255883082,
    "receivedKBytesPerSec" : 67.70865587069606,
    "sentKBytesPerSec" : 19.485288425811245
  },
  "Login Request" : {
    "transaction" : "Login Request",
    "sampleCount" : 300,
    "errorCount" : 0,
    "errorPct" : 0.0,
    "meanResTime" : 4264.570000000004,
    "medianResTime" : 5106.5,
    "minResTime" : 82.0,
    "maxResTime" : 6258.0,
    "pct1ResTime" : 5828.3,
    "pct2ResTime" : 5960.95,
    "pct3ResTime" : 6161.68,
    "throughput" : 47.93863854266539,
    "receivedKBytesPerSec" : 29.118821658277405,
    "sentKBytesPerSec" : 12.125104865771812
  },
  "Home Request" : {
    "transaction" : "Home Request",
    "sampleCount" : 300,
    "errorCount" : 0,
    "errorPct" : 0.0,
    "meanResTime" : 321.2766666666665,
    "medianResTime" : 306.5,
    "minResTime" : 28.0,
    "maxResTime" : 1647.0,
    "pct1ResTime" : 450.60000000000014,
    "pct2ResTime" : 512.95,
    "pct3ResTime" : 1119.3300000000024,
    "throughput" : 68.82312456985547,
    "receivedKBytesPerSec" : 41.80265506710255,
    "sentKBytesPerSec" : 9.274991397109428
  }
}