{
  "Logout Request" : {
    "transaction" : "Logout Request",
    "sampleCount" : 300,
    "errorCount" : 0,
    "errorPct" : 0.0,
    "meanResTime" : 1258.830000000001,
    "medianResTime" : 1260.5,
    "minResTime" : 145.0,
    "maxResTime" : 2720.0,
    "pct1ResTime" : 2061.7000000000003,
    "pct2ResTime" : 2369.75,
    "pct3ResTime" : 2565.4600000000005,
    "throughput" : 76.2970498474059,
    "receivedKBytesPerSec" : 82.03423035350967,
    "sentKBytesPerSec" : 28.238849504069176
  },
  "Logout Request-1" : {
    "transaction" : "Logout Request-1",
    "sampleCount" : 300,
    "errorCount" : 0,
    "errorPct" : 0.0,
    "meanResTime" : 541.7000000000003,
    "medianResTime" : 456.0,
    "minResTime" : 15.0,
    "maxResTime" : 2180.0,
    "pct1ResTime" : 1120.8000000000004,
    "pct2ResTime" : 1290.0,
    "pct3ResTime" : 2138.7200000000003,
    "throughput" : 87.41258741258741,
    "receivedKBytesPerSec" : 66.83989838286713,
    "sentKBytesPerSec" : 16.133768575174827
  },
  "Total" : {
    "transaction" : "Total",
    "sampleCount" : 2100,
    "errorCount" : 0,
    "errorPct" : 0.0,
    "meanResTime" : 1288.8009523809517,
    "medianResTime" : 1113.0,
    "minResTime" : 15.0,
    "maxResTime" : 4884.0,
    "pct1ResTime" : 2667.100000000001,
    "pct2ResTime" : 3767.699999999999,
    "pct3ResTime" : 4199.889999999998,
    "throughput" : 263.1578947368421,
    "receivedKBytesPerSec" : 163.44572368421052,
    "sentKBytesPerSec" : 67.9188204887218
  },
  "Logout Request-0" : {
    "transaction" : "Logout Request-0",
    "sampleCount" : 300,
    "errorCount" : 0,
    "errorPct" : 0.0,
    "meanResTime" : 696.723333333333,
    "medianResTime" : 570.0,
    "minResTime" : 92.0,
    "maxResTime" : 2231.0,
    "pct1ResTime" : 1376.9,
    "pct2ResTime" : 1709.8999999999987,
    "pct3ResTime" : 2219.3900000000003,
    "throughput" : 77.33952049497293,
    "receivedKBytesPerSec" : 24.0175464037123,
    "sentKBytesPerSec" : 14.35010634184068
  },
  "Login Request-1" : {
    "transaction" : "Login Request-1",
    "sampleCount" : 300,
    "errorCount" : 0,
    "errorPct" : 0.0,
    "meanResTime" : 1335.52,
    "medianResTime" : 1316.5,
    "minResTime" : 22.0,
    "maxResTime" : 3178.0,
    "pct1ResTime" : 2303.6000000000004,
    "pct2ResTime" : 2475.9,
    "pct3ResTime" : 3158.770000000005,
    "throughput" : 52.27391531625718,
    "receivedKBytesPerSec" : 25.524372713016206,
    "sentKBytesPerSec" : 9.597164140094094
  },
  "Login Request" : {
    "transaction" : "Login Request",
    "sampleCount" : 300,
    "errorCount" : 0,
    "errorPct" : 0.0,
    "meanResTime" : 3014.776666666669,
    "medianResTime" : 2938.5,
    "minResTime" : 246.0,
    "maxResTime" : 4884.0,
    "pct1ResTime" : 4167.9,
    "pct2ResTime" : 4233.5,
    "pct3ResTime" : 4587.83,
    "throughput" : 40.16064257028113,
    "receivedKBytesPerSec" : 34.31695532128514,
    "sentKBytesPerSec" : 17.727158634538153
  },
  "Home Request" : {
    "transaction" : "Home Request",
    "sampleCount" : 300,
    "errorCount" : 0,
    "errorPct" : 0.0,
    "meanResTime" : 513.2066666666666,
    "medianResTime" : 438.5,
    "minResTime" : 39.0,
    "maxResTime" : 2402.0,
    "pct1ResTime" : 951.2000000000003,
    "pct2ResTime" : 1325.9,
    "pct3ResTime" : 2309.5300000000007,
    "throughput" : 60.97560975609756,
    "receivedKBytesPerSec" : 29.773246951219512,
    "sentKBytesPerSec" : 11.194740853658537
  },
  "Login Request-0" : {
    "transaction" : "Login Request-0",
    "sampleCount" : 300,
    "errorCount" : 0,
    "errorPct" : 0.0,
    "meanResTime" : 1660.85,
    "medianResTime" : 1670.5,
    "minResTime" : 116.0,
    "maxResTime" : 3536.0,
    "pct1ResTime" : 2334.9,
    "pct2ResTime" : 2421.7,
    "pct3ResTime" : 2638.91,
    "throughput" : 41.482300884955755,
    "receivedKBytesPerSec" : 15.191272296736726,
    "sentKBytesPerSec" : 10.694655696902654
  }
}