{
  "Logout Request" : {
    "transaction" : "Logout Request",
    "sampleCount" : 300,
    "errorCount" : 0,
    "errorPct" : 0.0,
    "meanResTime" : 976.4733333333336,
    "medianResTime" : 698.0,
    "minResTime" : 186.0,
    "maxResTime" : 3071.0,
    "pct1ResTime" : 1760.9,
    "pct2ResTime" : 1962.8,
    "pct3ResTime" : 2771.4500000000007,
    "throughput" : 39.46329913180742,
    "receivedKBytesPerSec" : 42.43075424230466,
    "sentKBytesPerSec" : 14.606045284135753
  },
  "Logout Request-1" : {
    "transaction" : "Logout Request-1",
    "sampleCount" : 300,
    "errorCount" : 0,
    "errorPct" : 0.0,
    "meanResTime" : 390.1433333333333,
    "medianResTime" : 270.5,
    "minResTime" : 33.0,
    "maxResTime" : 1643.0,
    "pct1ResTime" : 967.9000000000008,
    "pct2ResTime" : 1303.9999999999998,
    "pct3ResTime" : 1501.8200000000002,
    "throughput" : 41.952174521046004,
    "receivedKBytesPerSec" : 32.07866469724514,
    "sentKBytesPerSec" : 7.743125961404
  },
  "Total" : {
    "transaction" : "Total",
    "sampleCount" : 2675,
    "errorCount" : 191,
    "errorPct" : 7.140187,
    "meanResTime" : 907.1390654205593,
    "medianResTime" : 616.0,
    "minResTime" : 28.0,
    "maxResTime" : 5238.0,
    "pct1ResTime" : 1919.0000000000005,
    "pct2ResTime" : 2606.7999999999993,
    "pct3ResTime" : 3797.319999999996,
    "throughput" : 244.82884861797547,
    "receivedKBytesPerSec" : 169.10333579306243,
    "sentKBytesPerSec" : 65.77183295579351
  },
  "Logout Request-0" : {
    "transaction" : "Logout Request-0",
    "sampleCount" : 300,
    "errorCount" : 0,
    "errorPct" : 0.0,
    "meanResTime" : 551.2666666666665,
    "medianResTime" : 331.0,
    "minResTime" : 61.0,
    "maxResTime" : 1889.0,
    "pct1ResTime" : 1393.5000000000002,
    "pct2ResTime" : 1462.0,
    "pct3ResTime" : 1650.89,
    "throughput" : 39.78252221190824,
    "receivedKBytesPerSec" : 12.354337952526189,
    "sentKBytesPerSec" : 7.38152267603766
  },
  "Login Request-1" : {
    "transaction" : "Login Request-1",
    "sampleCount" : 300,
    "errorCount" : 0,
    "errorPct" : 0.0,
    "meanResTime" : 613.5733333333337,
    "medianResTime" : 575.5,
    "minResTime" : 28.0,
    "maxResTime" : 1949.0,
    "pct1ResTime" : 1085.5000000000005,
    "pct2ResTime" : 1306.75,
    "pct3ResTime" : 1782.3200000000015,
    "throughput" : 36.153289949385396,
    "receivedKBytesPerSec" : 13.561955817666908,
    "sentKBytesPerSec" : 6.637518076644975
  },
  "Login Request-2" : {
    "transaction" : "Login Request-2",
    "sampleCount" : 191,
    "errorCount" : 0,
    "errorPct" : 0.0,
    "meanResTime" : 597.7958115183245,
    "medianResTime" : 531.0,
    "minResTime" : 138.0,
    "maxResTime" : 2200.0,
    "pct1ResTime" : 1341.6000000000004,
    "pct2ResTime" : 1492.3999999999978,
    "pct3ResTime" : 2073.9599999999978,
    "throughput" : 24.290983085336386,
    "receivedKBytesPerSec" : 18.574062261541396,
    "sentKBytesPerSec" : 4.483394338992751
  },
  "Home Request-1" : {
    "transaction" : "Home Request-1",
    "sampleCount" : 192,
    "errorCount" : 0,
    "errorPct" : 0.0,
    "meanResTime" : 481.53124999999983,
    "medianResTime" : 339.0,
    "minResTime" : 60.0,
    "maxResTime" : 1670.0,
    "pct1ResTime" : 1099.7000000000005,
    "pct2ResTime" : 1361.1999999999996,
    "pct3ResTime" : 1534.219999999999,
    "throughput" : 26.0657073038284,
    "receivedKBytesPerSec" : 19.931102362204726,
    "sentKBytesPerSec" : 4.8109557426011405
  },
  "Home Request-0" : {
    "transaction" : "Home Request-0",
    "sampleCount" : 192,
    "errorCount" : 0,
    "errorPct" : 0.0,
    "meanResTime" : 621.1770833333331,
    "medianResTime" : 512.5,
    "minResTime" : 88.0,
    "maxResTime" : 2600.0,
    "pct1ResTime" : 1384.0000000000002,
    "pct2ResTime" : 1501.1999999999998,
    "pct3ResTime" : 2115.4699999999966,
    "throughput" : 24.628014366341713,
    "receivedKBytesPerSec" : 7.6481528989225245,
    "sentKBytesPerSec" : 4.521549512570549
  },
  "Login Request" : {
    "transaction" : "Login Request",
    "sampleCount" : 300,
    "errorCount" : 191,
    "errorPct" : 63.666668,
    "meanResTime" : 2256.4933333333347,
    "medianResTime" : 2263.0,
    "minResTime" : 228.0,
    "maxResTime" : 5238.0,
    "pct1ResTime" : 3749.6000000000004,
    "pct2ResTime" : 4166.55,
    "pct3ResTime" : 5130.02,
    "throughput" : 28.65329512893983,
    "receivedKBytesPerSec" : 35.19085407712512,
    "sentKBytesPerSec" : 16.01478554799427
  },
  "Home Request" : {
    "transaction" : "Home Request",
    "sampleCount" : 300,
    "errorCount" : 0,
    "errorPct" : 0.0,
    "meanResTime" : 980.7866666666671,
    "medianResTime" : 815.5,
    "minResTime" : 133.0,
    "maxResTime" : 2938.0,
    "pct1ResTime" : 1819.8000000000004,
    "pct2ResTime" : 1951.4499999999998,
    "pct3ResTime" : 2487.970000000002,
    "throughput" : 37.9746835443038,
    "receivedKBytesPerSec" : 32.8065664556962,
    "sentKBytesPerSec" : 11.45767405063291
  },
  "Login Request-0" : {
    "transaction" : "Login Request-0",
    "sampleCount" : 300,
    "errorCount" : 0,
    "errorPct" : 0.0,
    "meanResTime" : 1233.5900000000004,
    "medianResTime" : 1280.0,
    "minResTime" : 110.0,
    "maxResTime" : 3083.0,
    "pct1ResTime" : 2141.8,
    "pct2ResTime" : 2335.9499999999994,
    "pct3ResTime" : 2974.4000000000005,
    "throughput" : 29.779630732578916,
    "receivedKBytesPerSec" : 10.905626488981536,
    "sentKBytesPerSec" : 7.677561048243002
  }
}