{
  "Logout Request" : {
    "transaction" : "Logout Request",
    "sampleCount" : 300,
    "errorCount" : 0,
    "errorPct" : 0.0,
    "meanResTime" : 364.426666666667,
    "medianResTime" : 212.5,
    "minResTime" : 75.0,
    "maxResTime" : 1261.0,
    "pct1ResTime" : 907.8000000000001,
    "pct2ResTime" : 997.4999999999999,
    "pct3ResTime" : 1155.99,
    "throughput" : 88.70490833826139,
    "receivedKBytesPerSec" : 53.708049970431695,
    "sentKBytesPerSec" : 12.127624186871673
  },
  "Total" : {
    "transaction" : "Total",
    "sampleCount" : 900,
    "errorCount" : 300,
    "errorPct" : 33.333332,
    "meanResTime" : 660.648888888889,
    "medianResTime" : 349.0,
    "minResTime" : 70.0,
    "maxResTime" : 2560.0,
    "pct1ResTime" : 2046.6999999999998,
    "pct2ResTime" : 2207.349999999999,
    "pct3ResTime" : 2504.92,
    "throughput" : 151.13350125944586,
    "receivedKBytesPerSec" : 91.5066120906801,
    "sentKBytesPerSec" : 26.418844458438286
  },
  "Login Request" : {
    "transaction" : "Login Request",
    "sampleCount" : 300,
    "errorCount" : 0,
    "errorPct" : 0.0,
    "meanResTime" : 1252.9666666666678,
    "medianResTime" : 1335.5,
    "minResTime" : 103.0,
    "maxResTime" : 2560.0,
    "pct1ResTime" : 2392.0000000000005,
    "pct2ResTime" : 2453.75,
    "pct3ResTime" : 2539.84,
    "throughput" : 52.19206680584551,
    "receivedKBytesPerSec" : 31.600665448851775,
    "sentKBytesPerSec" : 13.200923147181628
  },
  "Home Request" : {
    "transaction" : "Home Request",
    "sampleCount" : 300,
    "errorCount" : 300,
    "errorPct" : 100.0,
    "meanResTime" : 364.55333333333357,
    "medianResTime" : 315.0,
    "minResTime" : 70.0,
    "maxResTime" : 1162.0,
    "pct1ResTime" : 747.0000000000003,
    "pct2ResTime" : 926.5999999999999,
    "pct3ResTime" : 1057.5000000000005,
    "throughput" : 79.80845969672785,
    "receivedKBytesPerSec" : 48.3215283320032,
    "sentKBytesPerSec" : 10.75543695131684
  }
}