{
  "Logout Request" : {
    "transaction" : "Logout Request",
    "sampleCount" : 300,
    "errorCount" : 0,
    "errorPct" : 0.0,
    "meanResTime" : 823.35,
    "medianResTime" : 690.5,
    "minResTime" : 170.0,
    "maxResTime" : 2074.0,
    "pct1ResTime" : 1481.6000000000001,
    "pct2ResTime" : 1660.5999999999997,
    "pct3ResTime" : 2070.71,
    "throughput" : 95.26833915528739,
    "receivedKBytesPerSec" : 102.43207168942521,
    "sentKBytesPerSec" : 35.26044974595109
  },
  "Logout Request-1" : {
    "transaction" : "Logout Request-1",
    "sampleCount" : 300,
    "errorCount" : 0,
    "errorPct" : 0.0,
    "meanResTime" : 296.3399999999997,
    "medianResTime" : 263.0,
    "minResTime" : 21.0,
    "maxResTime" : 1401.0,
    "pct1ResTime" : 513.9000000000001,
    "pct2ResTime" : 616.95,
    "pct3ResTime" : 1239.5500000000013,
    "throughput" : 115.03067484662577,
    "receivedKBytesPerSec" : 87.95802578604294,
    "sentKBytesPerSec" : 21.231247603527606
  },
  "Total" : {
    "transaction" : "Total",
    "sampleCount" : 2100,
    "errorCount" : 0,
    "errorPct" : 0.0,
    "meanResTime" : 1059.8528571428542,
    "medianResTime" : 803.0,
    "minResTime" : 9.0,
    "maxResTime" : 4078.0,
    "pct1ResTime" : 2313.3000000000006,
    "pct2ResTime" : 2798.8499999999995,
    "pct3ResTime" : 3655.9799999999996,
    "throughput" : 296.652069501342,
    "receivedKBytesPerSec" : 184.24874629184913,
    "sentKBytesPerSec" : 76.56338289306399
  },
  "Logout Request-0" : {
    "transaction" : "Logout Request-0",
    "sampleCount" : 300,
    "errorCount" : 0,
    "errorPct" : 0.0,
    "meanResTime" : 494.71666666666687,
    "medianResTime" : 370.0,
    "minResTime" : 72.0,
    "maxResTime" : 1726.0,
    "pct1ResTime" : 1090.2000000000003,
    "pct2ResTime" : 1365.85,
    "pct3ResTime" : 1713.96,
    "throughput" : 96.03072983354674,
    "receivedKBytesPerSec" : 29.822043053777207,
    "sentKBytesPerSec" : 17.818201824583866
  },
  "Login Request-1" : {
    "transaction" : "Login Request-1",
    "sampleCount" : 300,
    "errorCount" : 0,
    "errorPct" : 0.0,
    "meanResTime" : 1106.0500000000006,
    "medianResTime" : 1172.5,
    "minResTime" : 9.0,
    "maxResTime" : 2081.0,
    "pct1ResTime" : 1654.9000000000003,
    "pct2ResTime" : 1853.9,
    "pct3ResTime" : 1992.7900000000002,
    "throughput" : 64.43298969072164,
    "receivedKBytesPerSec" : 31.461420747422682,
    "sentKBytesPerSec" : 11.82949420103093
  },
  "Login Request" : {
    "transaction" : "Login Request",
    "sampleCount" : 300,
    "errorCount" : 0,
    "errorPct" : 0.0,
    "meanResTime" : 2599.25,
    "medianResTime" : 2690.5,
    "minResTime" : 279.0,
    "maxResTime" : 4078.0,
    "pct1ResTime" : 3637.8,
    "pct2ResTime" : 3733.0,
    "pct3ResTime" : 3865.8900000000003,
    "throughput" : 48.29362524146812,
    "receivedKBytesPerSec" : 41.26652547488732,
    "sentKBytesPerSec" : 21.31710801674179
  },
  "Home Request" : {
    "transaction" : "Home Request",
    "sampleCount" : 300,
    "errorCount" : 0,
    "errorPct" : 0.0,
    "meanResTime" : 620.9400000000003,
    "medianResTime" : 546.5,
    "minResTime" : 77.0,
    "maxResTime" : 1886.0,
    "pct1ResTime" : 1342.9,
    "pct2ResTime" : 1463.2499999999993,
    "pct3ResTime" : 1718.88,
    "throughput" : 73.31378299120234,
    "receivedKBytesPerSec" : 35.79774560117303,
    "sentKBytesPerSec" : 13.459952346041057
  },
  "Login Request-0" : {
    "transaction" : "Login Request-0",
    "sampleCount" : 300,
    "errorCount" : 0,
    "errorPct" : 0.0,
    "meanResTime" : 1478.3233333333333,
    "medianResTime" : 1470.0,
    "minResTime" : 138.0,
    "maxResTime" : 2471.0,
    "pct1ResTime" : 2180.4,
    "pct2ResTime" : 2241.9,
    "pct3ResTime" : 2377.8500000000004,
    "throughput" : 50.93378607809847,
    "receivedKBytesPerSec" : 18.65250955008489,
    "sentKBytesPerSec" : 13.131366723259763
  }
}