{
  "Logout Request" : {
    "transaction" : "Logout Request",
    "sampleCount" : 300,
    "errorCount" : 0,
    "errorPct" : 0.0,
    "meanResTime" : 761.9233333333333,
    "medianResTime" : 682.5,
    "minResTime" : 176.0,
    "maxResTime" : 2111.0,
    "pct1ResTime" : 1243.1000000000004,
    "pct2ResTime" : 1366.2499999999998,
    "pct3ResTime" : 1889.810000000001,
    "throughput" : 38.43689942344651,
    "receivedKBytesPerSec" : 41.32717408712364,
    "sentKBytesPerSec" : 14.226157110826394
  },
  "Logout Request-1" : {
    "transaction" : "Logout Request-1",
    "sampleCount" : 300,
    "errorCount" : 0,
    "errorPct" : 0.0,
    "meanResTime" : 363.64333333333326,
    "medianResTime" : 295.5,
    "minResTime" : 19.0,
    "maxResTime" : 1237.0,
    "pct1ResTime" : 807.4000000000002,
    "pct2ResTime" : 860.2499999999998,
    "pct3ResTime" : 1180.8400000000001,
    "throughput" : 40.14452027298274,
    "receivedKBytesPerSec" : 30.696444700923326,
    "sentKBytesPerSec" : 7.4094866519470095
  },
  "Total" : {
    "transaction" : "Total",
    "sampleCount" : 2692,
    "errorCount" : 210,
    "errorPct" : 7.8008914,
    "meanResTime" : 671.6575037147118,
    "medianResTime" : 513.0,
    "minResTime" : 19.0,
    "maxResTime" : 3466.0,
    "pct1ResTime" : 1302.7000000000003,
    "pct2ResTime" : 1699.6999999999998,
    "pct3ResTime" : 2442.07,
    "throughput" : 259.72021225277376,
    "receivedKBytesPerSec" : 180.24733930294258,
    "sentKBytesPerSec" : 69.95503949589965
  },
  "Logout Request-0" : {
    "transaction" : "Logout Request-0",
    "sampleCount" : 300,
    "errorCount" : 0,
    "errorPct" : 0.0,
    "meanResTime" : 392.4566666666667,
    "medianResTime" : 330.5,
    "minResTime" : 103.0,
    "maxResTime" : 1670.0,
    "pct1ResTime" : 671.8000000000008,
    "pct2ResTime" : 838.2499999999995,
    "pct3ResTime" : 1219.4000000000005,
    "throughput" : 38.53069612124325,
    "receivedKBytesPerSec" : 11.965587272026715,
    "sentKBytesPerSec" : 7.149250256871308
  },
  "Login Request-1" : {
    "transaction" : "Login Request-1",
    "sampleCount" : 300,
    "errorCount" : 0,
    "errorPct" : 0.0,
    "meanResTime" : 518.073333333333,
    "medianResTime" : 480.5,
    "minResTime" : 46.0,
    "maxResTime" : 1294.0,
    "pct1ResTime" : 845.8000000000001,
    "pct2ResTime" : 904.9,
    "pct3ResTime" : 1271.89,
    "throughput" : 36.354823073194375,
    "receivedKBytesPerSec" : 13.228327223703344,
    "sentKBytesPerSec" : 6.67451829859428
  },
  "Login Request-2" : {
    "transaction" : "Login Request-2",
    "sampleCount" : 210,
    "errorCount" : 0,
    "errorPct" : 0.0,
    "meanResTime" : 472.72857142857146,
    "medianResTime" : 408.5,
    "minResTime" : 96.0,
    "maxResTime" : 1295.0,
    "pct1ResTime" : 798.3000000000001,
    "pct2ResTime" : 928.4999999999999,
    "pct3ResTime" : 1293.23,
    "throughput" : 25.436046511627907,
    "receivedKBytesPerSec" : 19.449633221293603,
    "sentKBytesPerSec" : 4.694739053415698
  },
  "Home Request-1" : {
    "transaction" : "Home Request-1",
    "sampleCount" : 191,
    "errorCount" : 0,
    "errorPct" : 0.0,
    "meanResTime" : 409.4188481675395,
    "medianResTime" : 388.0,
    "minResTime" : 95.0,
    "maxResTime" : 1691.0,
    "pct1ResTime" : 724.0000000000002,
    "pct2ResTime" : 816.0,
    "pct3ResTime" : 1242.9599999999923,
    "throughput" : 24.116161616161616,
    "receivedKBytesPerSec" : 18.440385298295453,
    "sentKBytesPerSec" : 4.451127485795454
  },
  "Home Request-0" : {
    "transaction" : "Home Request-0",
    "sampleCount" : 191,
    "errorCount" : 0,
    "errorPct" : 0.0,
    "meanResTime" : 432.4712041884816,
    "medianResTime" : 399.0,
    "minResTime" : 102.0,
    "maxResTime" : 1327.0,
    "pct1ResTime" : 673.0,
    "pct2ResTime" : 928.1999999999999,
    "pct3ResTime" : 1273.639999999999,
    "throughput" : 22.73538864420902,
    "receivedKBytesPerSec" : 7.060403895369599,
    "sentKBytesPerSec" : 4.1740752588977506
  },
  "Login Request" : {
    "transaction" : "Login Request",
    "sampleCount" : 300,
    "errorCount" : 210,
    "errorPct" : 70.0,
    "meanResTime" : 1642.5866666666666,
    "medianResTime" : 1599.0,
    "minResTime" : 462.0,
    "maxResTime" : 3466.0,
    "pct1ResTime" : 2391.2000000000007,
    "pct2ResTime" : 2546.6,
    "pct3ResTime" : 3275.0300000000007,
    "throughput" : 30.456852791878173,
    "receivedKBytesPerSec" : 38.53803140862944,
    "sentKBytesPerSec" : 17.37884676395939
  },
  "Home Request" : {
    "transaction" : "Home Request",
    "sampleCount" : 300,
    "errorCount" : 0,
    "errorPct" : 0.0,
    "meanResTime" : 703.1400000000002,
    "medianResTime" : 660.5,
    "minResTime" : 169.0,
    "maxResTime" : 2190.0,
    "pct1ResTime" : 1191.9,
    "pct2ResTime" : 1300.95,
    "pct3ResTime" : 2032.2500000000025,
    "throughput" : 35.095928872250816,
    "receivedKBytesPerSec" : 30.25093132165419,
    "sentKBytesPerSec" : 10.567507567559662
  },
  "Login Request-0" : {
    "transaction" : "Login Request-0",
    "sampleCount" : 300,
    "errorCount" : 0,
    "errorPct" : 0.0,
    "meanResTime" : 778.2699999999999,
    "medianResTime" : 760.0,
    "minResTime" : 237.0,
    "maxResTime" : 1629.0,
    "pct1ResTime" : 1262.6000000000001,
    "pct2ResTime" : 1308.85,
    "pct3ResTime" : 1387.97,
    "throughput" : 32.27888960619755,
    "receivedKBytesPerSec" : 11.820882424144608,
    "sentKBytesPerSec" : 8.321901226597804
  }
}